时间,排名,热度,内容
2022/11/11 18:14,第1名, 1135083,全员核酸只在疫情底数不清时开展
2022/11/11 18:14,第2名, 947731,广州在隔次密接解除隔离
2022/11/11 18:14,第3名, 744060,73秒致敬人民空军73周年
2022/11/11 18:14,第4名, ,99块9带走一年海飞丝
2022/11/11 18:14,第5名, 718473,奶茶店因服务员先说欢迎光临被封
2022/11/11 18:14,第6名, 554937,男生吃杨国福1年发现竟是杨围福
2022/11/11 18:14,第7名, 500818,微信否认可撤回五分钟内消息
2022/11/11 18:14,第8名, ,超红美食现场
2022/11/11 18:14,第9名,电影 406447,刘浩存宋威龙念念相忘晴空之下海报
2022/11/11 18:14,第10名, 400435,国家卫健委调整防疫措施
2022/11/11 18:14,第1名, 1135083,全员核酸只在疫情底数不清时开展
2022/11/11 18:14,第2名, 947731,广州在隔次密接解除隔离
2022/11/11 18:14,第3名, 744060,73秒致敬人民空军73周年
2022/11/11 18:14,第4名, ,天猫双11
2022/11/11 18:14,第5名, 718473,奶茶店因服务员先说欢迎光临被封
2022/11/11 18:14,第6名, 554937,男生吃杨国福1年发现竟是杨围福
2022/11/11 18:14,第7名, 500818,微信否认可撤回五分钟内消息
2022/11/11 18:14,第8名, ,喜剧大赛2陪你过双十一
2022/11/11 18:14,第9名,电影 406447,刘浩存宋威龙念念相忘晴空之下海报
2022/11/11 18:14,第10名, 400435,国家卫健委调整防疫措施
2022/11/11 18:15,第1名, 1125603,全员核酸只在疫情底数不清时开展
2022/11/11 18:15,第2名, 971073,广州在隔次密接解除隔离
2022/11/11 18:15,第3名, 569180,73秒致敬人民空军73周年
2022/11/11 18:15,第4名, ,最后一单买了液体卫生巾
2022/11/11 18:15,第5名, 568685,奶茶店因服务员先说欢迎光临被封
2022/11/11 18:15,第6名, 547426,男生吃杨国福1年发现竟是杨围福
2022/11/11 18:15,第7名, 494981,微信否认可撤回五分钟内消息
2022/11/11 18:15,第8名, ,苏醒LoveIsAllAround
2022/11/11 18:15,第9名, 406133,国家卫健委调整防疫措施
2022/11/11 18:15,第10名,电影 395858,刘浩存宋威龙念念相忘晴空之下海报
时间,排名,热度,内容
2022/11/11 18:29,第1名, 1085419,全员核酸只在疫情底数不清时开展
2022/11/11 18:29,第2名, 1062752,广州在隔次密接解除隔离
2022/11/11 18:29,第3名, 545510,73秒致敬人民空军73周年
2022/11/11 18:29,第4名, ,液体卫生巾评论区太真实
2022/11/11 18:29,第5名, 535251,奶茶店因服务员先说欢迎光临被封
2022/11/11 18:29,第6名, 519631,男生吃杨国福1年发现竟是杨围福
2022/11/11 18:29,第7名, 459356,国家卫健委调整防疫措施
2022/11/11 18:29,第8名, 389158,微信否认可撤回五分钟内消息
2022/11/11 18:29,第9名, 384298,严禁随意封校停课
2022/11/11 18:29,第10名, 380758,25岁小伙上门做饭三菜一汤收费36元
2022/11/11 18:29,第1名, 1073667,全员核酸只在疫情底数不清时开展
2022/11/11 18:29,第2名, 1064463,广州在隔次密接解除隔离
2022/11/11 18:29,第3名, 774730,73秒致敬人民空军73周年
2022/11/11 18:29,第4名, ,双11最后冲刺4小时
2022/11/11 18:29,第5名, 745488,奶茶店因服务员先说欢迎光临被封
2022/11/11 18:29,第6名, 515316,男生吃杨国福1年发现竟是杨围福
2022/11/11 18:29,第7名, 445004,国家卫健委调整防疫措施
2022/11/11 18:29,第8名, 392577,官方回应网传一奶茶店未先说扫码被封
2022/11/11 18:29,第9名, 383765,微信否认可撤回五分钟内消息
2022/11/11 18:29,第10名, 381121,25岁小伙上门做饭三菜一汤收费36元
2022/11/11 18:30,第1名, 1073667,全员核酸只在疫情底数不清时开展
2022/11/11 18:30,第2名, 1064463,广州在隔次密接解除隔离
2022/11/11 18:30,第3名, 774730,73秒致敬人民空军73周年
2022/11/11 18:30,第4名, ,千万流量待赢取
2022/11/11 18:30,第5名, 745488,奶茶店因服务员先说欢迎光临被封
2022/11/11 18:30,第6名, 515316,男生吃杨国福1年发现竟是杨围福
2022/11/11 18:30,第7名, 445004,国家卫健委调整防疫措施
2022/11/11 18:30,第8名, ,周杰伦的MOJT你调不调
2022/11/11 18:30,第9名, 392577,官方回应网传一奶茶店未先说扫码被封
2022/11/11 18:30,第10名, 383765,微信否认可撤回五分钟内消息
2022/11/11 18:30,第1名, 1066272,全员核酸只在疫情底数不清时开展
2022/11/11 18:30,第2名, 1060663,广州在隔次密接解除隔离
2022/11/11 18:30,第3名, 706699,73秒致敬人民空军73周年
2022/11/11 18:30,第4名, 682881,奶茶店因服务员先说欢迎光临被封
2022/11/11 18:30,第5名, 512426,男生吃杨国福1年发现竟是杨围福
2022/11/11 18:30,第6名, 434530,国家卫健委调整防疫措施
2022/11/11 18:30,第7名, 400802,官方回应网传一奶茶店未先说扫码被封
2022/11/11 18:30,第8名, 381272,微信否认可撤回五分钟内消息
2022/11/11 18:30,第9名, 379734,25岁小伙上门做饭三菜一汤收费36元
2022/11/11 18:30,第10名, 377827,严禁随意封校停课
2022/11/11 18:31,第1名, 1066272,全员核酸只在疫情底数不清时开展
2022/11/11 18:31,第2名, 1060663,广州在隔次密接解除隔离
2022/11/11 18:31,第3名, 706699,73秒致敬人民空军73周年
2022/11/11 18:31,第4名, 682881,奶茶店因服务员先说欢迎光临被封
2022/11/11 18:31,第5名, 512426,男生吃杨国福1年发现竟是杨围福
2022/11/11 18:31,第6名, 434530,国家卫健委调整防疫措施
2022/11/11 18:31,第7名, 400802,官方回应网传一奶茶店未先说扫码被封
2022/11/11 18:31,第8名, 381272,微信否认可撤回五分钟内消息
2022/11/11 18:31,第9名, 379734,25岁小伙上门做饭三菜一汤收费36元
2022/11/11 18:31,第10名, 377827,严禁随意封校停课
2022/11/11 18:31,第1名, 1071074,广州在隔次密接解除隔离
2022/11/11 18:31,第2名, 1059129,全员核酸只在疫情底数不清时开展
2022/11/11 18:31,第3名, 722751,73秒致敬人民空军73周年
2022/11/11 18:31,第4名, ,买家电送家电
2022/11/11 18:31,第5名, 713201,奶茶店因服务员先说欢迎光临被封
2022/11/11 18:31,第6名, 503860,男生吃杨国福1年发现竟是杨围福
2022/11/11 18:31,第7名, 423047,官方回应网传一奶茶店未先说扫码被封
2022/11/11 18:31,第8名, 419305,国家卫健委调整防疫措施
2022/11/11 18:31,第9名, 376307,25岁小伙上门做饭三菜一汤收费36元
2022/11/11 18:31,第10名, 375227,微信否认可撤回五分钟内消息
2022/11/11 18:32,第1名, 1071074,广州在隔次密接解除隔离
2022/11/11 18:32,第2名, 1059129,全员核酸只在疫情底数不清时开展
2022/11/11 18:32,第3名, 722751,73秒致敬人民空军73周年
2022/11/11 18:32,第4名, ,99块9带走一年海飞丝
2022/11/11 18:32,第5名, 713201,奶茶店因服务员先说欢迎光临被封
2022/11/11 18:32,第6名, 503860,男生吃杨国福1年发现竟是杨围福
2022/11/11 18:32,第7名, 423047,官方回应网传一奶茶店未先说扫码被封
2022/11/11 18:32,第8名, ,狙击心脏的ending妖精
2022/11/11 18:32,第9名, 419305,国家卫健委调整防疫措施
2022/11/11 18:32,第10名, 376307,25岁小伙上门做饭三菜一汤收费36元
时间,排名,热度,内容
2022/11/11 18:37,第1名, 1105167,广州在隔次密接解除隔离
2022/11/11 18:37,第2名, 985870,全员核酸只在疫情底数不清时开展
2022/11/11 18:37,第3名, 520695,73秒致敬人民空军73周年
2022/11/11 18:37,第4名, ,天猫双11
2022/11/11 18:37,第5名, 517293,奶茶店因服务员先说欢迎光临被封
2022/11/11 18:37,第6名, 502491,男生吃杨国福1年发现竟是杨围福
2022/11/11 18:37,第7名, 478214,官方回应网传一奶茶店未先说扫码被封
2022/11/11 18:37,第8名, ,超红VLOG现场
2022/11/11 18:37,第9名, 390791,国家卫健委调整防疫措施
2022/11/11 18:37,第10名, 357529,25岁小伙上门做饭三菜一汤收费36元
2022/11/11 18:37,第1名, 1105167,广州在隔次密接解除隔离
2022/11/11 18:37,第2名, 985870,全员核酸只在疫情底数不清时开展
2022/11/11 18:37,第3名, 520695,73秒致敬人民空军73周年
2022/11/11 18:37,第4名, ,最后一单买了液体卫生巾
2022/11/11 18:37,第5名, 517293,奶茶店因服务员先说欢迎光临被封
2022/11/11 18:37,第6名, 502491,男生吃杨国福1年发现竟是杨围福
2022/11/11 18:37,第7名, 478214,官方回应网传一奶茶店未先说扫码被封
2022/11/11 18:37,第8名, ,超红美食现场
2022/11/11 18:37,第9名, 390791,国家卫健委调整防疫措施
2022/11/11 18:37,第10名, 357529,25岁小伙上门做饭三菜一汤收费36元
时间,排名,热度,内容
2022/11/11 18:38,第1名, 1127689,广州在隔次密接解除隔离
2022/11/11 18:38,第2名, 969135,全员核酸只在疫情底数不清时开展
2022/11/11 18:38,第3名, 706355,73秒致敬人民空军73周年
2022/11/11 18:38,第4名, ,液体卫生巾评论区太真实
2022/11/11 18:38,第5名, 623902,奶茶店因服务员先说欢迎光临被封
2022/11/11 18:38,第6名, 501340,男生吃杨国福1年发现竟是杨围福
2022/11/11 18:38,第7名, 487457,官方回应网传一奶茶店未先说扫码被封
2022/11/11 18:38,第8名, ,喜剧大赛2陪你过双十一
2022/11/11 18:38,第9名, 391464,国家卫健委调整防疫措施
2022/11/11 18:38,第10名, 359709,25岁小伙上门做饭三菜一汤收费36元
2022/11/11 18:38,第1名, 1127689,广州在隔次密接解除隔离
2022/11/11 18:38,第2名, 969135,全员核酸只在疫情底数不清时开展
2022/11/11 18:38,第3名, 706355,73秒致敬人民空军73周年
2022/11/11 18:38,第4名, ,双11最后冲刺4小时
2022/11/11 18:38,第5名, 623902,奶茶店因服务员先说欢迎光临被封
2022/11/11 18:38,第6名, 501340,男生吃杨国福1年发现竟是杨围福
2022/11/11 18:38,第7名, 487457,官方回应网传一奶茶店未先说扫码被封
2022/11/11 18:38,第8名, ,苏醒LoveIsAllAround
2022/11/11 18:38,第9名, 391464,国家卫健委调整防疫措施
2022/11/11 18:38,第10名, 359709,25岁小伙上门做饭三菜一汤收费36元
2022/11/11 18:38,第1名, 1127689,广州在隔次密接解除隔离
2022/11/11 18:38,第2名, 969135,全员核酸只在疫情底数不清时开展
2022/11/11 18:38,第3名, 706355,73秒致敬人民空军73周年
2022/11/11 18:38,第4名, ,千万流量待赢取
2022/11/11 18:38,第5名, 623902,奶茶店因服务员先说欢迎光临被封
2022/11/11 18:38,第6名, 501340,男生吃杨国福1年发现竟是杨围福
2022/11/11 18:38,第7名, 487457,官方回应网传一奶茶店未先说扫码被封
2022/11/11 18:38,第8名, 391464,国家卫健委调整防疫措施
2022/11/11 18:38,第9名, 359709,25岁小伙上门做饭三菜一汤收费36元
2022/11/11 18:38,第10名, 344538,严禁随意封校停课
2022/11/11 18:39,第1名, 1137949,广州在隔次密接解除隔离
2022/11/11 18:39,第2名, 939397,全员核酸只在疫情底数不清时开展
2022/11/11 18:39,第3名, 650607,73秒致敬人民空军73周年
2022/11/11 18:39,第4名, 586723,奶茶店因服务员先说欢迎光临被封
2022/11/11 18:39,第5名, 502407,官方回应网传一奶茶店未先说扫码被封
2022/11/11 18:39,第6名, 500591,男生吃杨国福1年发现竟是杨围福
2022/11/11 18:39,第7名, 390043,国家卫健委调整防疫措施
2022/11/11 18:39,第8名, 364304,25岁小伙上门做饭三菜一汤收费36元
2022/11/11 18:39,第9名, 341318,微信否认可撤回五分钟内消息
2022/11/11 18:39,第10名, 340071,严禁随意封校停课
2022/11/11 18:39,第1名, 1137949,广州在隔次密接解除隔离
2022/11/11 18:39,第2名, 939397,全员核酸只在疫情底数不清时开展
2022/11/11 18:39,第3名, 650607,73秒致敬人民空军73周年
2022/11/11 18:39,第4名, 586723,奶茶店因服务员先说欢迎光临被封
2022/11/11 18:39,第5名, 502407,官方回应网传一奶茶店未先说扫码被封
2022/11/11 18:39,第6名, 500591,男生吃杨国福1年发现竟是杨围福
2022/11/11 18:39,第7名, ,周杰伦的MOJT你调不调
2022/11/11 18:39,第8名, 390043,国家卫健委调整防疫措施
2022/11/11 18:39,第9名, 364304,25岁小伙上门做饭三菜一汤收费36元
2022/11/11 18:39,第10名, 341318,微信否认可撤回五分钟内消息
2022/11/11 18:39,第1名, 1137949,广州在隔次密接解除隔离
2022/11/11 18:39,第2名, 939397,全员核酸只在疫情底数不清时开展
2022/11/11 18:39,第3名, 650607,73秒致敬人民空军73周年
2022/11/11 18:39,第4名, ,买家电送家电
2022/11/11 18:39,第5名, 586723,奶茶店因服务员先说欢迎光临被封
2022/11/11 18:39,第6名, 502407,官方回应网传一奶茶店未先说扫码被封
2022/11/11 18:39,第7名, 500591,男生吃杨国福1年发现竟是杨围福
2022/11/11 18:39,第8名, 390043,国家卫健委调整防疫措施
2022/11/11 18:39,第9名, 364304,25岁小伙上门做饭三菜一汤收费36元
2022/11/11 18:39,第10名, 341318,微信否认可撤回五分钟内消息
2022/11/11 18:39,第1名, 1137949,广州在隔次密接解除隔离
2022/11/11 18:39,第2名, 939397,全员核酸只在疫情底数不清时开展
2022/11/11 18:39,第3名, 650607,73秒致敬人民空军73周年
2022/11/11 18:39,第4名, ,99块9带走一年海飞丝
2022/11/11 18:39,第5名, 586723,奶茶店因服务员先说欢迎光临被封
2022/11/11 18:39,第6名, 502407,官方回应网传一奶茶店未先说扫码被封
2022/11/11 18:39,第7名, 500591,男生吃杨国福1年发现竟是杨围福
2022/11/11 18:39,第8名, 390043,国家卫健委调整防疫措施
2022/11/11 18:39,第9名, 364304,25岁小伙上门做饭三菜一汤收费36元
2022/11/11 18:39,第10名, 341318,微信否认可撤回五分钟内消息
2022/11/11 18:39,第1名, 1137949,广州在隔次密接解除隔离
2022/11/11 18:39,第2名, 939397,全员核酸只在疫情底数不清时开展
2022/11/11 18:39,第3名, 650607,73秒致敬人民空军73周年
2022/11/11 18:39,第4名, ,天猫双11
2022/11/11 18:39,第5名, 586723,奶茶店因服务员先说欢迎光临被封
2022/11/11 18:39,第6名, 502407,官方回应网传一奶茶店未先说扫码被封
2022/11/11 18:39,第7名, 500591,男生吃杨国福1年发现竟是杨围福
2022/11/11 18:39,第8名, 390043,国家卫健委调整防疫措施
2022/11/11 18:39,第9名, 364304,25岁小伙上门做饭三菜一汤收费36元
2022/11/11 18:39,第10名, 341318,微信否认可撤回五分钟内消息
2022/11/11 18:39,第1名, 1137949,广州在隔次密接解除隔离
2022/11/11 18:39,第2名, 939397,全员核酸只在疫情底数不清时开展
2022/11/11 18:39,第3名, 650607,73秒致敬人民空军73周年
2022/11/11 18:39,第4名, ,最后一单买了液体卫生巾
2022/11/11 18:39,第5名, 586723,奶茶店因服务员先说欢迎光临被封
2022/11/11 18:39,第6名, 502407,官方回应网传一奶茶店未先说扫码被封
2022/11/11 18:39,第7名, 500591,男生吃杨国福1年发现竟是杨围福
2022/11/11 18:39,第8名, ,狙击心脏的ending妖精
2022/11/11 18:39,第9名, 390043,国家卫健委调整防疫措施
2022/11/11 18:39,第10名, 364304,25岁小伙上门做饭三菜一汤收费36元
时间,排名,热度,内容
2022/11/12 12:18,第1名, 1054915,银行以防疫为名让客户淋雨排队
2022/11/12 12:18,第2名, 676862,男孩只买1个馒头被店主强留吃饭
2022/11/12 12:18,第3名, 667051,天舟四号撤离视角看中国空间站
2022/11/12 12:18,第4名, 640998,深圳大学回应
2022/11/12 12:18,第5名, 606942,刘氏兄弟母亲确认两人将入籍中国
2022/11/12 12:18,第6名,剧集 561538,陈飞宇说听到热度破万消息有些恍惚
2022/11/12 12:18,第7名, 560977,基金经理网恋被工厂女工骗近30万
2022/11/12 12:18,第8名, 557881,郑州在重点文物单位建方舱被叫停
2022/11/12 12:18,第9名,综艺 549863,你好星期六全员重现经典角色
2022/11/12 12:18,第10名,盛典 485346,易烊千玺金鸡奖最佳男主角提名VCR
2022/11/12 12:18,第1名, 1047929,银行以防疫为名让客户淋雨排队
2022/11/12 12:18,第2名, 680967,男孩只买1个馒头被店主强留吃饭
2022/11/12 12:18,第3名, 677435,天舟四号撤离视角看中国空间站
2022/11/12 12:18,第4名, 648930,深圳大学回应
2022/11/12 12:18,第5名, 601367,刘氏兄弟母亲确认两人将入籍中国
2022/11/12 12:18,第6名,剧集 572294,陈飞宇说听到热度破万消息有些恍惚
2022/11/12 12:18,第7名, 564636,基金经理网恋被工厂女工骗近30万
2022/11/12 12:18,第8名, 554634,郑州在重点文物单位建方舱被叫停
2022/11/12 12:18,第9名,综艺 545697,你好星期六全员重现经典角色
2022/11/12 12:18,第10名,盛典 482862,易烊千玺金鸡奖最佳男主角提名VCR
2022/11/12 12:19,第1名, 1047929,银行以防疫为名让客户淋雨排队
2022/11/12 12:19,第2名, 680967,男孩只买1个馒头被店主强留吃饭
2022/11/12 12:19,第3名, 677435,天舟四号撤离视角看中国空间站
2022/11/12 12:19,第4名, 648930,深圳大学回应
2022/11/12 12:19,第5名, 601367,刘氏兄弟母亲确认两人将入籍中国
2022/11/12 12:19,第6名,剧集 572294,陈飞宇说听到热度破万消息有些恍惚
2022/11/12 12:19,第7名, 564636,基金经理网恋被工厂女工骗近30万
2022/11/12 12:19,第8名, 554634,郑州在重点文物单位建方舱被叫停
2022/11/12 12:19,第9名,综艺 545697,你好星期六全员重现经典角色
2022/11/12 12:19,第10名,盛典 482862,易烊千玺金鸡奖最佳男主角提名VCR
2022/11/12 12:19,第1名, 1044118,银行以防疫为名让客户淋雨排队
2022/11/12 12:19,第2名, 680221,男孩只买1个馒头被店主强留吃饭
2022/11/12 12:19,第3名, 675130,天舟四号撤离视角看中国空间站
2022/11/12 12:19,第4名, 648138,深圳大学回应
2022/11/12 12:19,第5名, 609441,刘氏兄弟母亲确认两人将入籍中国
2022/11/12 12:19,第6名,剧集 599166,陈飞宇说听到热度破万消息有些恍惚
2022/11/12 12:19,第7名, 572431,基金经理网恋被工厂女工骗近30万
2022/11/12 12:19,第8名, 560494,郑州在重点文物单位建方舱被叫停
2022/11/12 12:19,第9名,综艺 546428,你好星期六全员重现经典角色
2022/11/12 12:19,第10名,盛典 483038,易烊千玺金鸡奖最佳男主角提名VCR
2022/11/12 12:20,第1名, 1044118,银行以防疫为名让客户淋雨排队
2022/11/12 12:20,第2名, 680221,男孩只买1个馒头被店主强留吃饭
2022/11/12 12:20,第3名, 675130,天舟四号撤离视角看中国空间站
2022/11/12 12:20,第4名, ,华为影像金鸡手机电影计划
2022/11/12 12:20,第5名, 648138,深圳大学回应
2022/11/12 12:20,第6名, 609441,刘氏兄弟母亲确认两人将入籍中国
2022/11/12 12:20,第7名,剧集 599166,陈飞宇说听到热度破万消息有些恍惚
2022/11/12 12:20,第8名, 572431,基金经理网恋被工厂女工骗近30万
2022/11/12 12:20,第9名, 560494,郑州在重点文物单位建方舱被叫停
2022/11/12 12:20,第10名,综艺 546428,你好星期六全员重现经典角色
2022/11/12 12:20,第1名, 1036587,银行以防疫为名让客户淋雨排队
2022/11/12 12:20,第2名, 676105,男孩只买1个馒头被店主强留吃饭
2022/11/12 12:20,第3名, 669046,天舟四号撤离视角看中国空间站
2022/11/12 12:20,第4名, ,心跃纯粹捷尼赛思
2022/11/12 12:20,第5名, 643321,深圳大学回应
2022/11/12 12:20,第6名, 614288,刘氏兄弟母亲确认两人将入籍中国
2022/11/12 12:20,第7名,剧集 582154,陈飞宇说听到热度破万消息有些恍惚
2022/11/12 12:20,第8名, 576310,基金经理网恋被工厂女工骗近30万
2022/11/12 12:20,第9名, 557184,郑州在重点文物单位建方舱被叫停
2022/11/12 12:20,第10名,综艺 539140,你好星期六全员重现经典角色
时间,排名,热度,内容
2022/11/12 12:53,第1名, 873075,林孝埈再次退赛
2022/11/12 12:53,第2名, 823319,银行以防疫为名让客户淋雨排队
2022/11/12 12:53,第3名, 787992,天舟四号撤离视角看中国空间站
2022/11/12 12:53,第4名, 785698,深圳大学回应
2022/11/12 12:53,第5名, 771132,特朗普将宣布竞选2024年美国总统
2022/11/12 12:53,第6名, 761241,基金经理网恋被工厂女工骗近30万
2022/11/12 12:53,第7名,剧集 698607,陈飞宇说听到热度破万消息有些恍惚
2022/11/12 12:53,第8名, 615968,男孩只买1个馒头被店主强留吃饭
2022/11/12 12:53,第9名, 562556,刘氏兄弟母亲确认两人将入籍中国
2022/11/12 12:53,第10名,盛典 544901,金鸡奖
2022/11/12 12:53,第1名, 873075,林孝埈再次退赛
2022/11/12 12:53,第2名, 823319,银行以防疫为名让客户淋雨排队
2022/11/12 12:53,第3名, 787992,天舟四号撤离视角看中国空间站
2022/11/12 12:53,第4名, 785698,深圳大学回应
2022/11/12 12:53,第5名, 771132,特朗普将宣布竞选2024年美国总统
2022/11/12 12:53,第6名, 761241,基金经理网恋被工厂女工骗近30万
2022/11/12 12:53,第7名,剧集 698607,陈飞宇说听到热度破万消息有些恍惚
2022/11/12 12:53,第8名, 615968,男孩只买1个馒头被店主强留吃饭
2022/11/12 12:53,第9名, 562556,刘氏兄弟母亲确认两人将入籍中国
2022/11/12 12:53,第10名,盛典 544901,金鸡奖
时间,排名,热度,内容
2022/11/12 22:03,第1名,盛典 5474372,朱一龙金鸡奖最佳男主角
2022/11/12 22:03,第2名,盛典 4115390,奚美娟金鸡奖最佳女主角
2022/11/12 22:03,第3名, 2285828,一镜到底跟随歼20编队巡航
2022/11/12 22:03,第4名,电影 2167330,想见你
2022/11/12 22:03,第5名, 1478553,张超
2022/11/12 22:03,第6名, 855061,重庆市卫健委致孕产妇的一封信
2022/11/12 22:03,第7名, ,今天上闲鱼低碳了吗
2022/11/12 22:03,第8名, 599704,房产继承因已故妹妹无子女证明被卡
2022/11/12 22:03,第9名, 542641,次密接的阳性感染率
2022/11/12 22:03,第10名, 518483,樊振东vs林高远
2022/11/12 22:04,第1名,盛典 5297318,朱一龙金鸡奖最佳男主角
2022/11/12 22:04,第2名,盛典 4209294,奚美娟金鸡奖最佳女主角
2022/11/12 22:04,第3名, 2555138,一镜到底跟随歼20编队巡航
2022/11/12 22:04,第4名,电影 2144852,想见你
2022/11/12 22:04,第5名, 1476430,张超
2022/11/12 22:04,第6名, 865232,重庆市卫健委致孕产妇的一封信
2022/11/12 22:04,第7名, ,蔡文静彭冠英专治意难平
2022/11/12 22:04,第8名, 598110,房产继承因已故妹妹无子女证明被卡
2022/11/12 22:04,第9名, 529031,次密接的阳性感染率
2022/11/12 22:04,第10名, 506319,樊振东vs林高远
2022/11/12 22:04,第1名,盛典 4932510,朱一龙金鸡奖最佳男主角
2022/11/12 22:04,第2名,盛典 4230013,奚美娟金鸡奖最佳女主角
2022/11/12 22:04,第3名, 2280308,一镜到底跟随歼20编队巡航
2022/11/12 22:04,第4名, ,华为影像金鸡手机电影计划
2022/11/12 22:04,第5名,电影 2136389,想见你
2022/11/12 22:04,第6名, 1469751,张超
2022/11/12 22:04,第7名, 861910,重庆市卫健委致孕产妇的一封信
2022/11/12 22:04,第8名, 594573,房产继承因已故妹妹无子女证明被卡
2022/11/12 22:04,第9名, 532223,次密接的阳性感染率
2022/11/12 22:04,第10名, 497039,樊振东vs林高远
